{
  "brca": {
    "dataset": "TCGA-BRCA",
    "H_Y": 1.3526454210618701,
    "num_classes": 5,
    "n_folds": 5,
    "n_samples": 875,
    "aggregated": {
      "(0,)": {
        "name": "mRNA",
        "mi_mean": 0.8783602953294484,
        "mi_std": 0.044035551365688055,
        "mi_folds": [
          0.8566338062623706,
          0.803971254859325,
          0.9262452662328449,
          0.9132879615167346,
          0.8916631877759662
        ],
        "acc_mean": 0.8285714285714285,
        "acc_std": 0.008081220356417673,
        "auc_mean": 0.953562015802804,
        "auc_std": 0.01285711140032631,
        "boot_ci": {
          "mean": 0.8909107921758861,
          "std": 0.05116208228900579,
          "ci_lower": 0.7859760061243739,
          "ci_upper": 0.984199909899589
        }
      },
      "(1,)": {
        "name": "Methylation",
        "mi_mean": 0.6546791076997486,
        "mi_std": 0.09806041649606309,
        "mi_folds": [
          0.7375445008615222,
          0.46438648704087404,
          0.6744001150468555,
          0.7181046843866077,
          0.6789597511628833
        ],
        "acc_mean": 0.7302857142857143,
        "acc_std": 0.03548382787716578,
        "auc_mean": 0.9118920169841436,
        "auc_std": 0.0202422992658462,
        "boot_ci": {
          "mean": 0.6797003704646795,
          "std": 0.06372840221381634,
          "ci_lower": 0.5507879123429027,
          "ci_upper": 0.7973255157808032
        }
      },
      "(2,)": {
        "name": "miRNA",
        "mi_mean": 0.6344007492402759,
        "mi_std": 0.010889925800625885,
        "mi_folds": [
          0.6434460521081653,
          0.6218111753801074,
          0.6222845554689136,
          0.6486811876634326,
          0.6357807755807605
        ],
        "acc_mean": 0.7371428571428572,
        "acc_std": 0.008081220356417673,
        "auc_mean": 0.9094795408340145,
        "auc_std": 0.008049023843516386,
        "boot_ci": {
          "mean": 0.6345533631781309,
          "std": 0.053622930431355,
          "ci_lower": 0.5256241605023113,
          "ci_upper": 0.7329686358908382
        }
      },
      "(0, 1)": {
        "name": "mRNA+Methylation",
        "mi_mean": 0.8605906904081074,
        "mi_std": 0.05552416330089477,
        "mi_folds": [
          0.8438527822831836,
          0.7610122204164234,
          0.9210973024705615,
          0.8888266325334278,
          0.8881645143369403
        ],
        "acc_mean": 0.8114285714285714,
        "acc_std": 0.009561828874675158,
        "auc_mean": 0.9498159521830875,
        "auc_std": 0.011911330419975925,
        "boot_ci": {
          "mean": 0.8881466047207087,
          "std": 0.05272946776052704,
          "ci_lower": 0.7784446001390186,
          "ci_upper": 0.9768104940990177
        }
      },
      "(0, 2)": {
        "name": "mRNA+miRNA",
        "mi_mean": 0.8698135733941761,
        "mi_std": 0.031844808568384585,
        "mi_folds": [
          0.8492090344766345,
          0.8374141097406116,
          0.888131821189281,
          0.9236192942002979,
          0.8506936073640552
        ],
        "acc_mean": 0.814857142857143,
        "acc_std": 0.011766434446842281,
        "auc_mean": 0.9543063495972776,
        "auc_std": 0.010598919673874751,
        "boot_ci": {
          "mean": 0.8495055534580916,
          "std": 0.05313386594013665,
          "ci_lower": 0.7438430458644596,
          "ci_upper": 0.9447967879811492
        }
      },
      "(1, 2)": {
        "name": "Methylation+miRNA",
        "mi_mean": 0.7064921021798816,
        "mi_std": 0.07133319223256213,
        "mi_folds": [
          0.76816352609193,
          0.6555609345773425,
          0.5938127875665393,
          0.7814653754571643,
          0.7334578872064319
        ],
        "acc_mean": 0.7485714285714286,
        "acc_std": 0.027044936151312527,
        "auc_mean": 0.922922449052242,
        "auc_std": 0.016413313562506814,
        "boot_ci": {
          "mean": 0.7331190481225222,
          "std": 0.05288894326556543,
          "ci_lower": 0.6170478493312564,
          "ci_upper": 0.8311420202592578
        }
      },
      "(0, 1, 2)": {
        "name": "mRNA+Methylation+miRNA",
        "mi_mean": 0.841556704078075,
        "mi_std": 0.03612067616374001,
        "mi_folds": [
          0.8603073001245227,
          0.7726717830041614,
          0.8557695389131275,
          0.8765412211755481,
          0.8424936771730152
        ],
        "acc_mean": 0.8057142857142857,
        "acc_std": 0.013030576286847291,
        "auc_mean": 0.9490858341427234,
        "auc_std": 0.012244253380980915,
        "boot_ci": {
          "mean": 0.8420433816353052,
          "std": 0.04857180962518959,
          "ci_lower": 0.7397487670520511,
          "ci_upper": 0.9304560818115439
        }
      }
    },
    "synergy": {
      "mRNA+Methylation": {
        "mean": -0.6724487126210895,
        "std": 0.08762521646618224,
        "folds": [
          -0.7503255248407092,
          -0.5073455214837757,
          -0.6795480788091388,
          -0.7425660133699146,
          -0.6824584246019092
        ],
        "n_negative": 5
      },
      "mRNA+miRNA": {
        "mean": -0.6429474711755481,
        "std": 0.030033172585239305,
        "folds": [
          -0.6508708238939014,
          -0.5883683204988208,
          -0.6603980005124774,
          -0.6383498549798694,
          -0.6767503559926715
        ],
        "n_negative": 5
      },
      "Methylation+miRNA": {
        "mean": -0.5825877547601428,
        "std": 0.08772795547265584,
        "folds": [
          -0.6128270268777576,
          -0.43063672784363893,
          -0.7028718829492298,
          -0.585320496592876,
          -0.5812826395372119
        ],
        "n_negative": 5
      }
    },
    "incremental": {
      "mRNA|Methylation": {
        "mean": 0.20591158270835877,
        "std": 0.06490376834765331
      },
      "Methylation|mRNA": {
        "mean": -0.017769604921340942,
        "std": 0.014609160011996145
      },
      "mRNA|miRNA": {
        "mean": 0.23541282415390014,
        "std": 0.02891469425616776
      },
      "miRNA|mRNA": {
        "mean": -0.008546721935272217,
        "std": 0.028447133939017506
      },
      "Methylation|miRNA": {
        "mean": 0.07209135293960571,
        "std": 0.0611404595182436
      },
      "miRNA|Methylation": {
        "mean": 0.05181299448013306,
        "std": 0.08665010498265097
      }
    },
    "dpi_ok": false
  },
  "gbmlgg": {
    "dataset": "TCGA-GBMLGG",
    "H_Y": 1.7648778372865728,
    "num_classes": 6,
    "n_folds": 5,
    "n_samples": 1042,
    "aggregated": {
      "(0,)": {
        "name": "Demographic",
        "mi_mean": 0.15957283316669973,
        "mi_std": 0.02355310595222607,
        "mi_folds": [
          0.11989478407917531,
          0.18925122557697804,
          0.16262022791920216,
          0.17498914538441213,
          0.15110878287373097
        ],
        "acc_mean": 0.35892528524107475,
        "acc_std": 0.005543815487826865,
        "auc_mean": 0.6892637626929619,
        "auc_std": 0.011676313063048836,
        "boot_ci": {
          "mean": 0.15252731977520498,
          "std": 0.041648567747873094,
          "ci_lower": 0.07136597870407613,
          "ci_upper": 0.23043861030159504
        }
      },
      "(1,)": {
        "name": "Molecular",
        "mi_mean": 0.7186709338289312,
        "mi_std": 0.03791055186473113,
        "mi_folds": [
          0.6993318015199712,
          0.667622488127332,
          0.7058475428682378,
          0.7773003989320806,
          0.7432524376970342
        ],
        "acc_mean": 0.6343807508281192,
        "acc_std": 0.02755614184694423,
        "auc_mean": 0.8802185471114818,
        "auc_std": 0.012964204407358449,
        "boot_ci": {
          "mean": 0.7461101152163555,
          "std": 0.08702030947413915,
          "ci_lower": 0.5636781775814107,