{
  "individual": {
    "mRNA": {
      "mi_lower_bound": 0.9346197129070091,
      "H_Y": 1.3521205068408775,
      "test_ce": 0.4175007939338684,
      "val_ce": 0.49843189120292664,
      "accuracy": 0.8555133079847909,
      "auc": 0.9665068374746959
    },
    "Methylation": {
      "mi_lower_bound": 0.7672185183345603,
      "H_Y": 1.3521205068408775,
      "test_ce": 0.5849019885063171,
      "val_ce": 0.7706434726715088,
      "accuracy": 0.7680608365019012,
      "auc": 0.9441159807154882
    },
    "miRNA": {
      "mi_lower_bound": 0.6832990527927207,
      "H_Y": 1.3521205068408775,
      "test_ce": 0.6688214540481567,
      "val_ce": 0.7570543885231018,
      "accuracy": 0.7414448669201521,
      "auc": 0.9243969690682745
    }
  },
  "pairs": {
    "mRNA+Methylation": {
      "mi_lower_bound": 0.9464479566394615,
      "H_Y": 1.3521205068408775,
      "test_ce": 0.405672550201416,
      "val_ce": 0.48310017585754395,
      "accuracy": 0.8212927756653993,
      "auc": 0.968347832882138
    },
    "mRNA+miRNA": {
      "mi_lower_bound": 0.9177361310302543,
      "H_Y": 1.3521205068408775,
      "test_ce": 0.43438437581062317,
      "val_ce": 0.5160091519355774,
      "accuracy": 0.8288973384030418,
      "auc": 0.9667839368012752
    },
    "Methylation+miRNA": {
      "mi_lower_bound": 0.8290970803081321,
      "H_Y": 1.3521205068408775,
      "test_ce": 0.5230234265327454,
      "val_ce": 0.6916395425796509,
      "accuracy": 0.7756653992395437,
      "auc": 0.9521528334751694
    }
  },
  "triple": {
    "all": {
      "mi_lower_bound": 0.9232419014751243,
      "H_Y": 1.3521205068408775,
      "test_ce": 0.4288786053657532,
      "val_ce": 0.5272400379180908,
      "accuracy": 0.8365019011406845,
      "auc": 0.9663407663362819
    }
  },
  "synergy": {
    "mRNA+Methylation": {
      "S_ij": -0.755390274602108,
      "R_ij": 0.755390274602108,
      "I_i": 0.9346197129070091,
      "I_j": 0.7672185183345603,
      "I_ij": 0.9464479566394615,
      "interpretation": "redundancy-dominated"
    },
    "mRNA+miRNA": {
      "S_ij": -0.7001826346694755,
      "R_ij": 0.7001826346694755,
      "I_i": 0.9346197129070091,
      "I_j": 0.6832990527927207,
      "I_ij": 0.9177361310302543,
      "interpretation": "redundancy-dominated"
    },
    "Methylation+miRNA": {
      "S_ij": -0.621420490819149,
      "R_ij": 0.621420490819149,
      "I_i": 0.7672185183345603,
      "I_j": 0.6832990527927207,
      "I_ij": 0.8290970803081321,
      "interpretation": "redundancy-dominated"
    }
  },
  "incremental": {
    "mRNA|Methylation": 0.17922943830490112,
    "Methylation|mRNA": 0.011828243732452393,
    "mRNA|miRNA": 0.23443707823753357,
    "miRNA|mRNA": -0.01688358187675476,
    "Methylation|miRNA": 0.14579802751541138,
    "miRNA|Methylation": 0.06187856197357178
  }
}