{
  "H_Y": 1.3521205068408775,
  "lambda_values": [
    0.0001,
    0.0005,
    0.001,
    0.005,
    0.01,
    0.05,
    0.1,
    0.5,
    1.0
  ],
  "sweeps": [
    {
      "lambda": 0.0001,
      "I_ZX_upper": 66.66818560756205,
      "I_ZY_lower": 0.23193270126486132,
      "test_acc": 0.7832699619771863,
      "test_auc": 0.9321701885157857,
      "test_ce": 1.1201878055760162,
      "train_acc": 0.9264705882352942,
      "pred_entropy": 0.12200886756181717,
      "modality_retention": {
        "mRNA": {
          "r2": 0.5879676868688267,
          "mi_proxy": 443.32675133605926
        },
        "Methylation": {
          "r2": 0.6037820480725858,
          "mi_proxy": 462.89541769053193
        },
        "miRNA": {
          "r2": 0.3600336051537548,
          "mi_proxy": 112.25441240657854
        }
      }
    },
    {
      "lambda": 0.0005,
      "I_ZX_upper": 27.55234917035121,
      "I_ZY_lower": 0.2529680892636126,
      "test_acc": 0.7756653992395437,
      "test_auc": 0.9179485560399071,
      "test_ce": 1.099152417577265,
      "train_acc": 0.9264705882352942,
      "pred_entropy": 0.15521961450576782,
      "modality_retention": {
        "mRNA": {
          "r2": 0.5735695547607111,
          "mi_proxy": 426.15300395924464
        },
        "Methylation": {
          "r2": 0.5636620980776242,
          "mi_proxy": 414.6691656438943
        },
        "miRNA": {
          "r2": 0.36415914229215074,
          "mi_proxy": 113.88095310032213
        }
      }
    },
    {
      "lambda": 0.001,
      "I_ZX_upper": 19.62826905051112,
      "I_ZY_lower": 0.36128792081532035,
      "test_acc": 0.7946768060836502,
      "test_auc": 0.9269000067181439,
      "test_ce": 0.9908325860255571,
      "train_acc": 0.9264705882352942,
      "pred_entropy": 0.151986762881279,
      "modality_retention": {
        "mRNA": {
          "r2": 0.5547626728234532,
          "mi_proxy": 404.57390968820636
        },
        "Methylation": {
          "r2": 0.5296863002362084,
          "mi_proxy": 377.1776802591387
        },
        "miRNA": {
          "r2": 0.34295254492033944,
          "mi_proxy": 105.62975681131849
        }
      }
    },
    {
      "lambda": 0.005,
      "I_ZX_upper": 9.100531578063965,
      "I_ZY_lower": 0.45599407713825835,
      "test_acc": 0.7908745247148289,
      "test_auc": 0.9360633396678697,
      "test_ce": 0.8961264297026191,
      "train_acc": 0.9264705882352942,
      "pred_entropy": 0.15588700771331787,
      "modality_retention": {
        "mRNA": {
          "r2": 0.5338029829739648,
          "mi_proxy": 381.5734753902888
        },
        "Methylation": {
          "r2": 0.4740466363218575,
          "mi_proxy": 321.27136614348444
        },
        "miRNA": {
          "r2": 0.29665941953118313,
          "mi_proxy": 88.50638034170329
        }
      }
    },
    {
      "lambda": 0.01,
      "I_ZX_upper": 6.570245659396676,
      "I_ZY_lower": 0.5593728661631462,
      "test_acc": 0.7908745247148289,
      "test_auc": 0.9457711937643001,
      "test_ce": 0.7927476406777313,
      "train_acc": 0.9264705882352942,
      "pred_entropy": 0.1742473691701889,
      "modality_retention": {
        "mRNA": {
          "r2": 0.5310420727255909,
          "mi_proxy": 378.6211108789522
        },
        "Methylation": {
          "r2": 0.45194810593474855,
          "mi_proxy": 300.6926496106078
        },
        "miRNA": {
          "r2": 0.2769248939490295,
          "mi_proxy": 81.54690851943703
        }
      }
    },
    {
      "lambda": 0.05,
      "I_ZX_upper": 3.058807487270225,
      "I_ZY_lower": 0.6254018646550281,
      "test_acc": 0.7984790874524715,
      "test_auc": 0.927594023319194,
      "test_ce": 0.7267186421858494,
      "train_acc": 0.9264705882352942,
      "pred_entropy": 0.2550722658634186,
      "modality_retention": {
        "mRNA": {
          "r2": 0.4662814310678408,
          "mi_proxy": 313.9433016569194
        },
        "Methylation": {
          "r2": 0.3904234689475987,
          "mi_proxy": 247.49538709177628
        },
        "miRNA": {
          "r2": 0.20991199610474542,
          "mi_proxy": 59.256151984515576
        }
      }
    },
    {
      "lambda": 0.1,
      "I_ZX_upper": 2.3126661405817184,
      "I_ZY_lower": 0.6667297501168788,
      "test_acc": 0.7946768060836502,
      "test_auc": 0.9274866780336014,
      "test_ce": 0.6853907567239986,
      "train_acc": 0.9264705882352942,
      "pred_entropy": 0.29901430010795593,
      "modality_retention": {
        "mRNA": {
          "r2": 0.44959070611552976,
          "mi_proxy": 298.54655335418875
        },
        "Methylation": {
          "r2": 0.3805798116003035,
          "mi_proxy": 239.48570920004144
        },
        "miRNA": {
          "r2": 0.185535645718241,
          "mi_proxy": 51.61399085337023
        }
      }
    },
    {
      "lambda": 0.5,
      "I_ZX_upper": 0.3909510508916224,
      "I_ZY_lower": 0.39063796519816263,
      "test_acc": 0.7376425855513308,
      "test_auc": 0.9341979859248312,
      "test_ce": 0.9614825416427148,
      "train_acc": 0.8137254901960784,
      "pred_entropy": 1.3928239345550537,
      "modality_retention": {
        "mRNA": {
          "r2": 0.4078700180068392,
          "mi_proxy": 262.0145519576276
        },
        "Methylation": {
          "r2": 0.321584267334586,
          "mi_proxy": 193.99750191847994
        },
        "miRNA": {
          "r2": 0.1489866664402275,
          "mi_proxy": 40.57386180310142
        }
      }
    },
    {
      "lambda": 1.0,
      "I_ZX_upper": 0.0047877339200035245,
      "I_ZY_lower": 0,
      "test_acc": 0.49809885931558934,
      "test_auc": 0.9048341843605119,
      "test_ce": 1.4570615504631073,
      "train_acc": 0.49836601307189543,
      "pred_entropy": 1.5795832872390747,
      "modality_retention": {
        "mRNA": {
          "r2": 0.3502750272381773,
          "mi_proxy": 215.60306217726145
        },
        "Methylation": {
          "r2": 0.2959903764905043,
          "mi_proxy": 175.48162653133986
        },
        "miRNA": {
          "r2": 0.12630197935550314,
          "mi_proxy": 33.95764998107389
        }
      }
    }
  ]
}