{
  "H_Y": 1.3521205068408775,
  "models": {
    "standard": {
      "description": "No IB regularization (lambda=0)",
      "gaps": {
        "mRNA": {
          "G_i": 0.062148604270986896,
          "I_ZY_full": 0.062148604270986896,
          "I_ZY_ablated": 0,
          "auc_full": 0.9457348039281175,
          "auc_ablated": 0.7658284339641894,
          "auc_drop": 0.17990636996392806,
          "ce_full": 1.2899719025698906,
          "ce_ablated": 1.9129219277276739
        },
        "Methylation": {
          "G_i": 0.0016288503494552575,
          "I_ZY_full": 0.062148604270986896,
          "I_ZY_ablated": 0.06051975392153164,
          "auc_full": 0.9457348039281175,
          "auc_ablated": 0.9294065233706471,
          "auc_drop": 0.016328280557470376,
          "ce_full": 1.2899719025698906,
          "ce_ablated": 1.2916007529193458
        },
        "miRNA": {
          "G_i": 0,
          "I_ZY_full": 0.062148604270986896,
          "I_ZY_ablated": 0.7909378950454448,
          "auc_full": 0.9457348039281175,
          "auc_ablated": 0.9655252091382497,
          "auc_drop": -0.0197904052101322,
          "ce_full": 1.2899719025698906,
          "ce_ablated": 0.5611826117954327
        }
      },
      "full_auc": 0.9457348039281175,
      "full_acc": 0.7946768060836502,
      "balance_index": 0.10820719729398985
    },
    "weak_vmib": {
      "description": "Weak IB regularization (lambda=0.001)",
      "gaps": {
        "mRNA": {
          "G_i": 0.3180851627816277,
          "I_ZY_full": 0.3180851627816277,
          "I_ZY_ablated": 0,
          "auc_full": 0.924213297858163,
          "auc_ablated": 0.7391855155093063,
          "auc_drop": 0.18502778234885664,
          "ce_full": 1.0340353440592498,
          "ce_ablated": 1.6854359224268691
        },
        "Methylation": {
          "G_i": 0,
          "I_ZY_full": 0.3180851627816277,
          "I_ZY_ablated": 0.3341490414696966,
          "auc_full": 0.924213297858163,
          "auc_ablated": 0.8793596005728975,
          "auc_drop": 0.04485369728526545,
          "ce_full": 1.0340353440592498,
          "ce_ablated": 1.0179714653711809
        },
        "miRNA": {
          "G_i": 0,
          "I_ZY_full": 0.3180851627816277,
          "I_ZY_ablated": 0.8840812988021993,
          "auc_full": 0.924213297858163,
          "auc_ablated": 0.9657996363339653,
          "auc_drop": -0.04158633847580229,
          "ce_full": 1.0340353440592498,
          "ce_ablated": 0.4680392080386782
        }
      },
      "full_auc": 0.924213297858163,
      "full_acc": 0.7870722433460076,
      "balance_index": -9.102393018948567e-11
    },
    "strong_vmib": {
      "description": "Strong IB regularization (lambda=0.01)",
      "gaps": {
        "mRNA": {
          "G_i": 0.3947201818208742,
          "I_ZY_full": 0.3947201818208742,
          "I_ZY_ablated": 0,
          "auc_full": 0.9253619383540416,
          "auc_ablated": 0.7469867877169928,
          "auc_drop": 0.17837515063704878,
          "ce_full": 0.9574003250200033,
          "ce_ablated": 1.500436111548101
        },
        "Methylation": {
          "G_i": 0,
          "I_ZY_full": 0.3947201818208742,
          "I_ZY_ablated": 0.395342777605203,
          "auc_full": 0.9253619383540416,
          "auc_ablated": 0.9069660522734029,
          "auc_drop": 0.01839588608063869,
          "ce_full": 0.9574003250200033,
          "ce_ablated": 0.9567777292356745
        },
        "miRNA": {
          "G_i": 0,
          "I_ZY_full": 0.3947201818208742,
          "I_ZY_ablated": 0.8688183976991106,
          "auc_full": 0.9253619383540416,
          "auc_ablated": 0.9634184836851786,
          "auc_drop": -0.038056545331137004,
          "ce_full": 0.9574003250200033,
          "ce_ablated": 0.4833021091417668
        }
      },
      "full_auc": 0.9253619383540416,
      "full_acc": 0.7832699619771863,
      "balance_index": -9.102393018948567e-11
    },
    "vmib_consistency": {
      "description": "VMIB + consistency penalty (lambda=0.01, gamma=0.5)",
      "gaps": {
        "mRNA": {
          "G_i": 0,
          "I_ZY_full": 0,
          "I_ZY_ablated": 0,
          "auc_full": 0.7445048555610445,
          "auc_ablated": 0.7351559117749199,
          "auc_drop": 0.009348943786124608,
          "ce_full": 1.4821022091709615,
          "ce_ablated": 1.525550223122078
        },
        "Methylation": {
          "G_i": 0,
          "I_ZY_full": 0,
          "I_ZY_ablated": 0,
          "auc_full": 0.7445048555610445,
          "auc_ablated": 0.7527189138080594,
          "auc_drop": -0.008214058247014933,
          "ce_full": 1.4821022091709615,
          "ce_ablated": 1.5199220076260005
        },
        "miRNA": {
          "G_i": 0,
          "I_ZY_full": 0,
          "I_ZY_ablated": 0,
          "auc_full": 0.7445048555610445,
          "auc_ablated": 0.7637543245982055,
          "auc_drop": -0.01924946903716096,
          "ce_full": 1.4821022091709615,
          "ce_ablated": 1.5099246393138466
        }
      },
      "full_auc": 0.7445048555610445,
      "full_acc": 0.6349809885931559,
      "balance_index": 0.0
    }
  }
}