{
  "experiment": "Section 6: Uncertainty, Calibration, and Trust",
  "seed": 42,
  "device": "cuda",
  "exp_6a_ood_detection": {
    "ood_class": 2,
    "ood_class_count": 46,
    "num_id_classes": 4,
    "n_id_test": 208,
    "n_ood": 46,
    "id_entropy_mean": 0.13345550000667572,
    "id_entropy_std": 0.24157899618148804,
    "ood_entropy_mean": 0.27073460817337036,
    "ood_entropy_std": 0.3077656030654907,
    "max_entropy": 1.3862943611198906,
    "auroc": 0.732755016722408,
    "id_test_accuracy": 0.7451923076923077,
    "id_entropy_values": [
      0.6508631706237793,
      0.0013457788154482841,
      0.08839873224496841,
      0.00011445786367403343,
      0.005520686507225037,
      0.010683990083634853,
      0.8949317336082458,
      0.04990196228027344,
      0.017699819058179855,
      0.09303667396306992,
      0.014438427053391933,
      0.002370110945776105,
      0.09285937249660492,
      0.002496170112863183,
      0.023354191333055496,
      0.08839873224496841,
      0.0005070969345979393,
      0.003934100270271301,
      0.00163332000374794,
      0.19623655080795288,
      0.31520476937294006,
      0.006312740501016378,
      0.009308175183832645,
      0.00042814904008992016,
      0.15284894406795502,
      0.038933731615543365,
      0.010902905836701393,
      0.0018052109517157078,
      0.06204468756914139,
      0.5275499820709229,
      0.0006687692948617041,
      0.0005081957206130028,
      0.1789342314004898,
      0.6932603716850281,
      0.05216411501169205,
      0.6122003793716431,
      0.03745444864034653,
      0.062093473970890045,
      0.16651566326618195,
      0.004808539990335703,
      0.00012740876991301775,
      0.0008635231060907245,
      0.7533948421478271,
      0.17466464638710022,
      0.16977857053279877,
      0.014796841889619827,
      0.010609043762087822,
      0.028569815680384636,
      0.145931214094162,
      0.032251641154289246,
      0.009713833220303059,
      0.20406249165534973,
      0.006289051845669746,
      0.011631363071501255,
      0.007905413396656513,
      0.0016275166999548674,
      0.0155023243278265,
      0.028652537614107132,
      0.7255884408950806,
      0.22420023381710052,
      0.0005789523711428046,
      0.12546895444393158,
      0.00018069849465973675,
      0.01907356269657612,
      0.0022352354135364294,
      0.013593257404863834,
      0.11733995378017426,
      0.00011458747030701488,
      0.5138309001922607,
      0.766787588596344,
      0.012298875488340855,
      0.05745401233434677,
      0.0008365585235878825,
      0.0769001692533493,
      0.048086993396282196,
      0.015374996699392796,
      0.000285084213828668,
      0.48212310671806335,
      0.1443086415529251,
      0.12892718613147736,
      0.0213693268597126,
      0.42208969593048096,
      0.00816313736140728,
      0.18137025833129883,
      0.003822163911536336,
      0.0004182746051810682,
      0.008517423644661903,
      0.16685928404331207,
      0.011660692282021046,
      0.032624758780002594,
      0.006946150213479996,
      0.0069676730781793594,
      0.004227008204907179,
      0.9566904306411743,
      0.0011349597480148077,
      0.011595293879508972,
      0.08575005829334259,
      0.12443074584007263,
      0.007684209384024143,
      0.00904681347310543,
      0.04793595150113106,
      0.2056683748960495,
      0.08133745193481445,
      0.004832110367715359,
      0.03919222205877304,
      0.0018092411337420344,
      0.1666504442691803,
      0.011363393627107143,
      0.01530517265200615,
      0.007731175981462002,
      0.03312928229570389,
      0.0010695990640670061,
      0.007306088227778673,
      0.002824243390932679,
      0.08133745193481445,
      0.060129474848508835,
      0.0008073843782767653,
      0.4807829260826111,
      0.1352521926164627,
      0.0008234838023781776,
      0.005276089068502188,
      0.19953803718090057,
      0.01503982488065958,
      0.9566904306411743,
      0.5220196843147278,
      0.09345771372318268,
      0.007773617282509804,
      0.004440651275217533,
      0.0004548694705590606,
      0.1363835483789444,
      0.007630280684679747,
      0.0066625261679291725,
      0.12331780791282654,
      0.005533583462238312,
      0.09745113551616669,
      0.00548684224486351,
      0.00022424175404012203,
      0.8506024479866028,
      0.0004397615266498178,
      0.019496411085128784,
      0.01422862894833088,
      0.01810096576809883,
      0.0016210699686780572,
      0.7972576022148132,
      0.024232003837823868,
      0.012013029307126999,
      0.0588480606675148,
      0.8949317336082458,
      0.0740387812256813,
      0.00041888124542310834,
      0.11564232409000397,
      0.041875649243593216,
      0.05204568803310394,
      0.0027742069214582443,
      0.000791716855019331,
      0.001970455516129732,
      0.0017074726056307554,
      0.00434979097917676,
      0.9960052967071533,
      0.0043148621916770935,
      0.011926615610718727,
      0.0022307313047349453,
      0.16854865849018097,
      0.9181693196296692,
      0.7264108657836914,
      0.09912829101085663,
      0.01679881475865841,
      0.10394002497196198,
      0.1614127904176712,
      0.02166600152850151,
      0.0059423609636723995,
      0.7540210485458374,
      0.0038515503983944654,
      0.1589040458202362,
      0.01067765336483717,
      0.010222158394753933,
      0.5275280475616455,
      0.4595867991447449,
      0.020419329404830933,
      0.056189000606536865,
      0.0735098347067833,
      0.000503969844430685,
      0.01162808109074831,
      0.0007645015721209347,
      0.002865222981199622,
      0.0027244295924901962,
      0.09967134892940521,
      0.717125654220581,
      0.0003934061387553811,
      0.021974239498376846,
      0.11129386723041534,
      0.06812543421983719,
      8.459373202640563e-05,
      0.006945247296243906,
      0.7540211081504822,
      0.000887601519934833,
      0.04688157141208649,
      0.0698780044913292,
      0.03190809115767479,
      0.7972576022148132,
      0.009465315379202366,
      0.012133097276091576,
      0.010155657306313515,
      0.008975464850664139,
      0.04317380487918854,
      0.7088532447814941,
      0.001553604961372912,
      0.012039903551340103
    ],
    "ood_entropy_values": [
      0.00444902153685689,
      0.7002861499786377,
      0.21008001267910004,
      0.21318893134593964,
      1.0437062978744507,
      0.6107722520828247,
      0.8911582827568054,
      0.08755919337272644,
      0.07758404314517975,
      0.15196678042411804,
      0.23637962341308594,
      0.011164390482008457,
      0.07240890711545944,
      0.18338194489479065,
      0.19032719731330872,
      1.003770351409912,
      0.13752847909927368,
      0.11729371547698975,
      0.0421377494931221,
      0.013316233642399311,
      0.01434233970940113,
      0.07728331536054611,
      0.13083520531654358,
      0.030530821532011032,
      0.5712918043136597,
      0.5134158134460449,
      0.02165990322828293,
      0.09139886498451233,
      0.1906512975692749,
      0.20484425127506256,
      0.5624348521232605,
      0.4024795889854431,
      0.15960901975631714,
      1.1950143575668335,
      0.005434333812445402,
      0.022777121514081955,
      0.14256468415260315,
      0.2121400684118271,
      0.07145800441503525,
      0.6575703620910645,
      0.0459403432905674,
      0.039880964905023575,
      0.004853934049606323,
      0.15176209807395935,
      0.6695729494094849,
      0.26558566093444824
    ]
  },
  "exp_6b_calibration": {
    "vmib": {
      "accuracy": 0.7870722433460076,
      "auc": 0.9296810987013053,
      "ece": 0.17289059073752774,
      "reliability_bins": [
        {
          "bin_center": 0.05,
          "bin_lower": 0.0,
          "bin_upper": 0.1,
          "accuracy": 0.0,
          "confidence": 0.0,
          "count": 0
        },
        {
          "bin_center": 0.15000000000000002,
          "bin_lower": 0.1,