{
  "Best Unimodal": {
    "acc": [
      0.7085714285714285,
      0.7314285714285714,
      0.7828571428571428,
      0.7771428571428571,
      0.7485714285714286
    ],
    "auc": [
      0.9134188403567396,
      0.9136772871374552,
      0.948578506855716,
      0.9354174351351044,
      0.9280100986139017
    ]
  },
  "Concat MLP": {
    "acc": [
      0.7714285714285715,
      0.6971428571428572,
      0.7428571428571429,
      0.7714285714285715,
      0.7257142857142858
    ],
    "auc": [
      0.9129561568602572,
      0.8919834226128751,
      0.9306329149131625,
      0.9420505654776232,
      0.9213857592867332
    ]
  },
  "VMIB": {
    "acc": [
      0.7257142857142858,
      0.72,
      0.7657142857142857,
      0.7828571428571428,
      0.7485714285714286
    ],
    "auc": [
      0.8987250648747425,
      0.8993569597814888,
      0.9332035854330151,
      0.9356666812957274,
      0.9094673852787594
    ]
  }
}