{
  "experiment": "Longitudinal Disease Modeling (Section 7)",
  "dataset": "OASIS-2 Longitudinal Alzheimer's",
  "n_visits": 373,
  "n_subjects": 150,
  "n_pairs": 223,
  "exp7a_transfer_entropy": {
    "description": "Transfer entropy approximation: TE_{X->Y}(t) = I(X_{t-1}; Y_t | Y_{t-1}). Overall: estimated via CE difference. Per-stage: CDR_t is fixed, so TE reduces to I(X_t; CDR_{t+1}).",
    "overall": {
      "TE_MMSE": 0.0028183501836005487,
      "TE_MMSE_se": 0.004051454177812872,
      "TE_nWBV": -0.0009579199025879781,
      "TE_nWBV_se": 0.00482578010616734,
      "TE_both": 0.0013976118455070186,
      "TE_both_se": 0.00710054245611935,
      "H_Y": 0.6895131032233416,
      "baseline_ce": 0.2767497632977426,
      "baseline_acc": 0.918888888888889,
      "baseline_auc": 0.9154680636935069,
      "MMSE_details": {
        "transfer_entropy": 0.0028183501836005487,
        "te_se": 0.004051454177812872,
        "te_per_fold": [
          0.002202710265665153,
          -0.006440674310572964,
          -0.004581925088927713,
          0.0037010591618580335,
          0.019210580889980455
        ],
        "ce_joint": 0.27393141311414204,
        "ce_baseline": 0.2767497632977426,
        "H_Y": 0.6895131032233416,
        "joint_acc": 0.918888888888889,
        "joint_auc": 0.9266484089010405,
        "baseline_acc": 0.918888888888889,
        "baseline_auc": 0.9154680636935069
      },
      "nWBV_details": {
        "transfer_entropy": -0.0009579199025879781,
        "te_se": 0.00482578010616734,
        "te_per_fold": [
          -0.017130985861752213,
          0.008125783746304238,
          0.0011054513392117216,
          -0.008962393463504137,
          0.012072544726800527
        ],
        "ce_joint": 0.27770768320033057,
        "ce_baseline": 0.2767497632977426,
        "H_Y": 0.6895131032233416,
        "joint_acc": 0.918888888888889,
        "joint_auc": 0.9347831203758871,
        "baseline_acc": 0.918888888888889,
        "baseline_auc": 0.9154680636935069
      },
      "both_details": {
        "transfer_entropy": 0.0013976118455070186,
        "te_se": 0.00710054245611935,
        "te_per_fold": [
          -0.017759115912777457,
          0.0031433741664949055,
          -0.0016907910162344553,
          -0.006666147048626558,
          0.029960739038678574
        ],
        "ce_joint": 0.27535215145223557,
        "ce_baseline": 0.2767497632977426,
        "H_Y": 0.6895131032233416,
        "joint_acc": 0.918888888888889,
        "joint_auc": 0.9371853307308136,
        "baseline_acc": 0.918888888888889,
        "baseline_auc": 0.9154680636935069
      }
    },
    "by_stage": {
      "Early (CDR=0)": {
        "n_samples": 133,
        "n_subjects": 85,
        "n_positive": 15,
        "skipped": false,
        "MMSE_t": {
          "corr_r": 0.037754416209466034,
          "corr_p": 0.666141860397261,
          "raw_auc": 0.5449152542372881
        },
        "nWBV_t": {
          "corr_r": 0.08623115883533872,
          "corr_p": 0.3236824323518216,
          "raw_auc": 0.5968926553672317
        }
      },
      "Mild (CDR=0.5)": {
        "n_samples": 70,
        "n_subjects": 58,
        "n_positive": 67,
        "skipped": false,
        "MMSE_t": {
          "corr_r": 0.15725120622496264,
          "corr_p": 0.1935756146645189,
          "raw_auc": 0.7512437810945274
        },
        "nWBV_t": {
          "corr_r": 0.12137587087838285,
          "corr_p": 0.31686298191586565,
          "raw_auc": 0.6840796019900497
        }
      },
      "Moderate+ (CDR>=1)": {
        "n_samples": 20,
        "n_subjects": 16,
        "n_positive": 20,
        "skipped": true,
        "reason": "only one class present"
      }
    }
  },
  "exp7b_sequential_prediction": {
    "gradient_boosting": {
      "A: CDR_t only": {
        "features": [
          "CDR_t"
        ],
        "mean_acc": 0.918888888888889,
        "std_acc": 0.03743865505813456,
        "mean_auc": 0.9154680636935069,
        "std_auc": 0.03462527371690826,
        "pooled_auc": 0.8964106303678496,
        "mean_ce": 0.2790332094008512,
        "fold_accs": [
          0.9555555555555556,
          0.9555555555555556,
          0.9333333333333333,
          0.8636363636363636,
          0.8863636363636364
        ],
        "fold_aucs": [
          0.95,
          0.9583333333333333,
          0.9117647058823529,
          0.8677685950413223,
          0.8894736842105263
        ],
        "fold_ces": [
          0.17830962927269656,
          0.17966643150319345,
          0.2354624887686696,
          0.40215889327252297,
          0.3995686041871735
        ]
      },
      "B: CDR_t + MMSE_t": {
        "features": [
          "CDR_t",
          "MMSE_t"
        ],
        "mean_acc": 0.9144444444444444,
        "std_acc": 0.03398145541784623,
        "mean_auc": 0.9012500333640778,
        "std_auc": 0.03217042655975955,
        "pooled_auc": 0.8972208718198023,
        "mean_ce": 0.336137901614644,
        "fold_accs": [
          0.9555555555555556,
          0.9333333333333333,
          0.9333333333333333,
          0.8636363636363636,
          0.8863636363636364
        ],
        "fold_aucs": [
          0.9380000000000001,
          0.9325396825396824,
          0.8949579831932772,
          0.8491735537190083,
          0.8915789473684211
        ],
        "fold_ces": [
          0.17981522713324452,
          0.2179751841439231,
          0.2420953993222145,
          0.49045593380108277,
          0.5503477636727551
        ]
      },
      "C: CDR_t + nWBV_t": {
        "features": [
          "CDR_t",
          "nWBV_t"
        ],
        "mean_acc": 0.8920202020202022,
        "std_acc": 0.03957018332309886,
        "mean_auc": 0.9228794138969201,
        "std_auc": 0.036664244325788485,
        "pooled_auc": 0.9173958839734241,
        "mean_ce": 0.34729233266711984,
        "fold_accs": [
          0.9555555555555556,
          0.9111111111111111,
          0.8888888888888888,
          0.8636363636363636,
          0.8409090909090909
        ],
        "fold_aucs": [
          0.933,
          0.9761904761904762,
          0.9380252100840336,
          0.8987603305785123,
          0.8684210526315789
        ],
        "fold_ces": [
          0.26841180247677465,
          0.22127285816858233,
          0.2886731263970303,
          0.4187526021935746,
          0.5393512740996373
        ]
      },
      "D: CDR_t + MMSE_t + nWBV_t": {
        "features": [
          "CDR_t",
          "MMSE_t",
          "nWBV_t"
        ],
        "mean_acc": 0.8963636363636363,
        "std_acc": 0.04740958347469806,
        "mean_auc": 0.9159155082650721,
        "std_auc": 0.03411688320256268,
        "pooled_auc": 0.914073894020418,
        "mean_ce": 0.34798224675594397,
        "fold_accs": [
          0.9555555555555556,
          0.9333333333333333,
          0.9111111111111111,
          0.8409090909090909,
          0.8409090909090909
        ],
        "fold_aucs": [
          0.93,
          0.9702380952380953,
          0.9201680672268908,
          0.8770661157024794,
          0.8821052631578947
        ],
        "fold_ces": [
          0.2555254319845,
          0.2169040066719714,
          0.281335092292431,
          0.44968405960072444,
          0.5364626432300929
        ]
      }
    },
    "logistic_regression": {
      "A: CDR_t only": {
        "features": [
          "CDR_t"
        ],
        "mean_acc": 0.918888888888889,
        "std_acc": 0.03743865505813456,
        "mean_auc": 0.9154680636935069,
        "std_auc": 0.03462527371690826,
        "pooled_auc": 0.8964106303678496,
        "mean_ce": 0.2767497632977426,
        "fold_accs": [
          0.9555555555555556,
          0.9555555555555556,
          0.9333333333333333,
          0.8636363636363636,
          0.8863636363636364
        ],