{
  "dataset": "TCGA-GBMLGG",
  "task": "6-class histological subtype",
  "H_Y": 1.7644939789882335,
  "num_classes": 6,
  "subtype_names": [
    "AASTR",
    "AOAST",
    "ASTR",
    "GBM",
    "OAST",
    "ODG"
  ],
  "n_train": 781,
  "n_test": 261,
  "d_demographic": 2,
  "d_molecular": 95,
  "mi_estimation": {
    "I_demographic": {
      "mean": 0.13425458766132917,
      "std": 0.0016184352728377384,
      "pct_HY": 7.608673606146913
    },
    "I_molecular": {
      "mean": 0.7196124682536753,
      "std": 0.02023888890780052,
      "pct_HY": 40.78293702460257
    },
    "I_joint": {
      "mean": 0.7726801285854015,
      "std": 0.024829209109299775,
      "pct_HY": 43.79046558313895
    },
    "synergy": {
      "mean": -0.08118692732960309,
      "std": 0.0401448913715292,
      "n_positive": 0,
      "values": [
        -0.026242233287397276,
        -0.06014732218891705,
        -0.14183131552845563,
        -0.06884340144306744,
        -0.10887036420017804
      ]
    }
  },
  "vmib": {
    "fused_acc": 0.6475095785440613,
    "demo_only_acc": 0.25287356321839083,
    "mol_only_acc": 0.6475095785440613,
    "G_demographic": 0.3946360153256705,
    "G_molecular": 0
  }
}